"",cancer,gene,cutoff_value
1,GBM,ACAN,6.65347039243473
2,OV,ACAN,3.76053911111103
3,LUAD,ACAN,5.06590943032632
4,LUSC,ACAN,5.09369846389928
5,PRAD,ACAN,5.27344794361618
6,UCEC,ACAN,4.98011902412448
7,BLCA,ACAN,5.72087477226957
8,TGCT,ACAN,8.54385361276014
9,ESCA,ACAN,6.03991029448005
10,PAAD,ACAN,5.30080178855503
11,KIRP,ACAN,6.22171853838171
12,LIHC,ACAN,3.07301465588206
13,CESC,ACAN,4.8094120617643
14,SARC,ACAN,8.68125166859125
15,BRCA,ACAN,6.64789997222386
16,THYM,ACAN,3.37999902228897
17,MESO,ACAN,4.57897685144853
18,COAD,ACAN,5.90117578234647
19,STAD,ACAN,6.16361302840234
20,SKCM,ACAN,8.29362760058202
21,CHOL,ACAN,3.77618243180243
22,KIRC,ACAN,8.94349187253972
23,THCA,ACAN,4.80102667410246
24,HNSC,ACAN,5.52235066346745
25,LAML,ACAN,1.39261316662233
26,READ,ACAN,6.7413782259473
27,LGG,ACAN,6.27582476792393
28,DLBC,ACAN,3.52475331277249
29,KICH,ACAN,6.21637420920877
30,UCS,ACAN,8.13750417782904
31,ACC,ACAN,6.45529519024786
32,PCPG,ACAN,5.95890423377479
33,UVM,ACAN,4.87659757443189
34,GBM,AGRN,11.306217267132
35,OV,AGRN,12.8684391453829
36,LUAD,AGRN,12.0065546526681
37,LUSC,AGRN,12.7616395615108
38,BLCA,AGRN,12.2788387717756
39,TGCT,AGRN,11.0247886127738
40,ESCA,AGRN,12.2095540477815
41,PAAD,AGRN,12.3569591412625
42,LIHC,AGRN,12.6930499125227
43,CESC,AGRN,12.251385794027
44,SARC,AGRN,11.6578627781058
45,BRCA,AGRN,11.3173769156058
46,THYM,AGRN,12.2517551388992
47,MESO,AGRN,13.0273485569153
48,STAD,AGRN,12.2881605578687
49,SKCM,AGRN,11.4678268348562
50,CHOL,AGRN,13.5202014619504
51,HNSC,AGRN,13.04004796911
52,LAML,AGRN,9.81611092403969
53,UCS,AGRN,11.8674080595014
54,ACC,AGRN,10.9763138062276
55,PCPG,AGRN,11.0087939188362
56,GBM,ASPN,8.9710355691661
57,OV,ASPN,4.60725070748889
58,LUAD,ASPN,8.74000261232725
59,LUSC,ASPN,8.04640945835909
60,PRAD,ASPN,7.44752790562482
61,UCEC,ASPN,6.64519624696039
62,BLCA,ASPN,7.18609024461477
63,TGCT,ASPN,7.06038411255489
64,ESCA,ASPN,7.51446734347748
65,PAAD,ASPN,8.69206598146962
66,KIRP,ASPN,4.97839219730946
67,LIHC,ASPN,7.03729215267383
68,CESC,ASPN,6.46331922691684
69,SARC,ASPN,9.02827001076084
70,BRCA,ASPN,10.3020392904069
71,THYM,ASPN,4.91340656265749
72,MESO,ASPN,8.42518411357541
73,COAD,ASPN,6.26685187844898
74,STAD,ASPN,8.23777398270919
75,SKCM,ASPN,6.17724265321856
76,CHOL,ASPN,7.92397892842356
77,KIRC,ASPN,6.9743410244929
78,THCA,ASPN,7.59047977565388
79,HNSC,ASPN,9.11206319534098
80,LAML,ASPN,3.0288315262224
81,READ,ASPN,7.56066069996215
82,LGG,ASPN,5.04933189784165
83,DLBC,ASPN,6.27255552010295
84,KICH,ASPN,6.5901493170684
85,UCS,ASPN,6.99466222179343
86,ACC,ASPN,4.96836395754433
87,PCPG,ASPN,9.30894441883404
88,UVM,ASPN,3.54508070251182
89,GBM,BCAN,13.6282640496624
90,OV,BCAN,2.93989257491286
91,LUAD,BCAN,3.2887748014027
92,LUSC,BCAN,6.42607108673549
93,PRAD,BCAN,3.94109527778224
94,UCEC,BCAN,5.06920204703459
95,BLCA,BCAN,3.15285070156523
96,TGCT,BCAN,6.79386058922514
97,ESCA,BCAN,3.39820163167851
98,PAAD,BCAN,4.66570490636732
99,KIRP,BCAN,5.33816555609224
100,LIHC,BCAN,3.28903085098149
101,CESC,BCAN,3.56964540463937
102,SARC,BCAN,4.3260059901506
103,BRCA,BCAN,5.89599518973595
104,THYM,BCAN,1.68360516570335
105,MESO,BCAN,4.51319994058451
106,COAD,BCAN,3.97888539036169
107,STAD,BCAN,4.20387325172359
108,SKCM,BCAN,9.50506868496712
109,CHOL,BCAN,6.12955827901778
110,KIRC,BCAN,4.03474136141839
111,THCA,BCAN,3.24500857717846
112,HNSC,BCAN,7.07657190288675
113,LAML,BCAN,4.52169070705789
114,READ,BCAN,4.53883363429472
115,LGG,BCAN,15.2942290943941
116,DLBC,BCAN,3.65697766245749
117,KICH,BCAN,4.53454864278492
118,UCS,BCAN,5.50721793133982
119,ACC,BCAN,4.4970067777348
120,PCPG,BCAN,7.92643654323804
121,UVM,BCAN,11.9048013305938
122,GBM,BGN,12.401605952898
123,OV,BGN,12.5347945525035
124,LUAD,BGN,12.7600397491709
125,LUSC,BGN,12.6542716970154
126,PRAD,BGN,12.1764611056958
127,UCEC,BGN,12.6567745665616
128,BLCA,BGN,12.1421509431563
129,TGCT,BGN,12.1114407226921
130,ESCA,BGN,12.4527731654089
131,PAAD,BGN,13.1138567170316
132,KIRP,BGN,12.0535383042372
133,LIHC,BGN,11.3440874889365
134,CESC,BGN,11.6456576012277
135,SARC,BGN,12.8780959843329
136,BRCA,BGN,13.6005712110194
137,THYM,BGN,10.5008828220159
138,MESO,BGN,14.3833454006516
139,COAD,BGN,11.6860194915154
140,STAD,BGN,12.1038882690641
141,SKCM,BGN,12.3457667971816
142,KIRC,BGN,12.7390407804762
143,THCA,BGN,12.163114067722
144,HNSC,BGN,12.5586139920207
145,LAML,BGN,3.43198185091086
146,READ,BGN,12.1336731215713
147,LGG,BGN,10.4335751270022
148,DLBC,BGN,11.9681548585658
149,KICH,BGN,12.8948488417423
150,UCS,BGN,15.3367686395491
151,ACC,BGN,11.727930307537
152,PCPG,BGN,12.7189820724689
153,UVM,BGN,11.7296983488626
154,GBM,CHAD,4.8389032650506
155,OV,CHAD,5.79934730747966
156,LUAD,CHAD,6.72999305961856
157,LUSC,CHAD,4.8343625828145
158,PRAD,CHAD,2.84322775393539
159,UCEC,CHAD,4.44736165134134
160,BLCA,CHAD,3.45873143052818
161,TGCT,CHAD,3.99137725971676
162,ESCA,CHAD,5.52081982245029
163,PAAD,CHAD,5.45196050334345
164,KIRP,CHAD,2.47781528886025
165,LIHC,CHAD,6.04092301521324
166,CESC,CHAD,5.09510181027569
167,SARC,CHAD,4.96600438721401
168,BRCA,CHAD,6.62860417939964
169,THYM,CHAD,4.67359557403048
170,MESO,CHAD,4.89158698850192
171,COAD,CHAD,3.22222601303524
172,STAD,CHAD,4.59222941270941
173,SKCM,CHAD,4.31437196336652
174,CHOL,CHAD,4.94615405975468
175,KIRC,CHAD,4.08117166226636
176,THCA,CHAD,4.25071980037427
177,HNSC,CHAD,2.80192873002088
178,LAML,CHAD,3.7018177805842
179,READ,CHAD,5.77281135778612
180,LGG,CHAD,3.81515772007226
181,DLBC,CHAD,1.72000617654888
182,KICH,CHAD,4.11621576571519
183,UCS,CHAD,3.47087379509979
184,ACC,CHAD,5.01493114597897
185,PCPG,CHAD,2.72015493201075
186,UVM,CHAD,2.55262298869152
187,GBM,COL15A1,6.64204490291779
188,OV,COL15A1,8.55293030783115
189,LUAD,COL15A1,8.34083332825958
190,LUSC,COL15A1,8.7223075837867
191,PRAD,COL15A1,9.99576501123843
192,UCEC,COL15A1,9.35870162953699
193,BLCA,COL15A1,9.25386094001249
194,TGCT,COL15A1,9.86561981850519
195,ESCA,COL15A1,10.3979905683827
196,PAAD,COL15A1,10.9968166371898
197,KIRP,COL15A1,8.13992009425317
198,LIHC,COL15A1,8.04278620801919
199,CESC,COL15A1,8.95029706195274
200,SARC,COL15A1,11.0311028937223
201,BRCA,COL15A1,10.8094602006288
202,THYM,COL15A1,9.22788366436388
203,MESO,COL15A1,10.7131697455647
204,COAD,COL15A1,10.1725190617206
205,STAD,COL15A1,11.2153831522519
206,SKCM,COL15A1,10.4273096863949
207,CHOL,COL15A1,7.82673407606255
208,KIRC,COL15A1,10.144558893861
209,THCA,COL15A1,9.19571417249719
210,HNSC,COL15A1,9.30554323018375
211,LAML,COL15A1,1.67311017293511
212,READ,COL15A1,10.2399428970104
213,LGG,COL15A1,4.75213293881322
214,DLBC,COL15A1,10.4552802403308
215,KICH,COL15A1,9.17601951074364
216,UCS,COL15A1,9.98198854220239
217,ACC,COL15A1,10.2735822241791
218,PCPG,COL15A1,8.72679842361483
219,UVM,COL15A1,6.04357766652789
220,GBM,COL18A1,10.9299461327437
221,OV,COL18A1,12.0696922020666
222,LUAD,COL18A1,10.7328359475286
223,LUSC,COL18A1,11.6773369227895
224,UCEC,COL18A1,13.231235226832
225,BLCA,COL18A1,11.3212428430197
226,TGCT,COL18A1,11.9556054146298
227,ESCA,COL18A1,11.8292941459214
228,PAAD,COL18A1,12.7316085817374
229,CESC,COL18A1,11.3577613204003
230,SARC,COL18A1,12.2633624782931
231,BRCA,COL18A1,11.3715847246427
232,THYM,COL18A1,12.8309150670346
233,MESO,COL18A1,12.8818429072964
234,COAD,COL18A1,10.3340001824732
235,STAD,COL18A1,11.6821249928697
236,SKCM,COL18A1,10.6993432752928
237,HNSC,COL18A1,11.5964432336477
238,LAML,COL18A1,9.46778945740347
239,READ,COL18A1,11.3933669250959
240,LGG,COL18A1,11.0639081455813
241,KICH,COL18A1,11.836295619214
242,UCS,COL18A1,12.4617138142631
243,ACC,COL18A1,11.9823771322758
244,PCPG,COL18A1,12.4223976987288
245,UVM,COL18A1,12.1370753464717
246,GBM,CSPG4,10.597762496095
247,OV,CSPG4,7.99486190400272
248,LUAD,CSPG4,8.54143860655896
249,LUSC,CSPG4,10.0458101378613
250,PRAD,CSPG4,8.46829724499105
251,UCEC,CSPG4,8.61824427249659
252,BLCA,CSPG4,10.0166481844624
253,TGCT,CSPG4,9.17093868109049
254,ESCA,CSPG4,10.5773891360369
255,PAAD,CSPG4,10.2215433103214
256,KIRP,CSPG4,7.23908293787022
257,LIHC,CSPG4,8.10073916986241
258,CESC,CSPG4,9.11961782790558
259,SARC,CSPG4,11.0668707481873
260,BRCA,CSPG4,9.31255577924601
261,THYM,CSPG4,8.2747526417681
262,MESO,CSPG4,9.55577000315635
263,COAD,CSPG4,8.49075170849686
264,STAD,CSPG4,10.4679486061973
265,SKCM,CSPG4,12.8063151311251
266,CHOL,CSPG4,8.6519423615495
267,KIRC,CSPG4,10.8863929310451
268,THCA,CSPG4,8.69849945293833
269,HNSC,CSPG4,10.3620124164926
270,LAML,CSPG4,7.49779633144868
271,READ,CSPG4,8.88813775226236
272,LGG,CSPG4,10.7322431946761
273,DLBC,CSPG4,6.71832068057261
274,KICH,CSPG4,9.47307060217059
275,UCS,CSPG4,8.69204295580079
276,ACC,CSPG4,8.47065868718138
277,PCPG,CSPG4,10.3991623540589
278,UVM,CSPG4,12.9402292367049
279,GBM,DCN,12.0960109171266
280,OV,DCN,9.88417297653263
281,LUAD,DCN,12.090956772126
282,LUSC,DCN,12.5483396252629
283,PRAD,DCN,11.2332071285386
284,UCEC,DCN,8.47593986294722
285,BLCA,DCN,10.8275754210331
286,TGCT,DCN,7.84773879711212
287,ESCA,DCN,11.5602569358781
288,PAAD,DCN,11.5887582466439
289,KIRP,DCN,6.99582596730322
290,LIHC,DCN,9.14851545114076
291,CESC,DCN,7.94526326836451
292,SARC,DCN,13.1739343074428
293,BRCA,DCN,11.8871858149547
294,THYM,DCN,8.60060371538559
295,MESO,DCN,13.1948941877487
296,COAD,DCN,10.3586169595739
297,STAD,DCN,12.4489052896231
298,SKCM,DCN,8.88829366153146
299,CHOL,DCN,9.50130363505172
300,KIRC,DCN,8.11589420437987
301,THCA,DCN,7.81813458133906
302,HNSC,DCN,11.42783320838
303,LAML,DCN,3.91137865936941
304,READ,DCN,11.2883732528629
305,LGG,DCN,10.1334831609166
306,DLBC,DCN,10.0580848715767
307,KICH,DCN,7.15945755428667
308,UCS,DCN,11.0836823966673
309,ACC,DCN,9.18073229405773
310,PCPG,DCN,8.41688214663938
311,UVM,DCN,5.2438030208714
312,GBM,ECM2,8.56929747405867
313,OV,ECM2,5.4180992616476
314,LUAD,ECM2,6.99333449526757
315,LUSC,ECM2,6.5602063766095
316,PRAD,ECM2,7.14351413877355
317,UCEC,ECM2,5.60601373024672
318,BLCA,ECM2,5.6619365664354
319,TGCT,ECM2,6.20547006486633
320,ESCA,ECM2,5.93356467183294
321,PAAD,ECM2,6.81814885142809
322,KIRP,ECM2,5.71799980537295
323,LIHC,ECM2,7.93593356413125
324,CESC,ECM2,5.62674738617478
325,SARC,ECM2,7.77809965444585
326,BRCA,ECM2,8.36958176678933
327,THYM,ECM2,4.69745488941833
328,MESO,ECM2,8.2754927709782
329,COAD,ECM2,5.730602992204
330,STAD,ECM2,6.47520868909522
331,SKCM,ECM2,5.78297909219041
332,CHOL,ECM2,6.4065838895506
333,KIRC,ECM2,8.41943000147696
334,THCA,ECM2,6.33531028709143
335,HNSC,ECM2,7.40982071797477
336,LAML,ECM2,4.67664997675006
337,READ,ECM2,6.62238556761414
338,LGG,ECM2,8.25956908475728
339,DLBC,ECM2,4.81544786612294
340,KICH,ECM2,6.11918038893073
341,UCS,ECM2,6.55913540071227
342,ACC,ECM2,6.31995422704112
343,PCPG,ECM2,7.78864678414936
344,UVM,ECM2,4.99147629241744
345,GBM,EPYC,2.88807879006603
346,OV,EPYC,3.56689072132993
347,LUAD,EPYC,1.87508279572603
348,LUSC,EPYC,2.19306943832437
349,PRAD,EPYC,2.43197154094834
350,UCEC,EPYC,2.0267339690189
351,BLCA,EPYC,3.45778318376261
352,TGCT,EPYC,2.73087552239281
353,ESCA,EPYC,1.43857921777517
354,PAAD,EPYC,4.57186549780773
355,CESC,EPYC,2.65420867259334
356,SARC,EPYC,2.30051132795058
357,BRCA,EPYC,3.17610334705302
358,THYM,EPYC,3.27970602015657
359,MESO,EPYC,3.79716716160003
360,COAD,EPYC,3.63808015294128
361,STAD,EPYC,3.12217795823254
362,SKCM,EPYC,1.82551348417215
363,CHOL,EPYC,2.95363286767631
364,KIRC,EPYC,2.58412036876828
365,THCA,EPYC,3.19146632872952
366,HNSC,EPYC,2.23777203342212
367,READ,EPYC,1.97061681446693
368,DLBC,EPYC,3.38920765875583
369,UCS,EPYC,4.19984216485954
370,ACC,EPYC,2.82070697743985
371,GBM,FMOD,9.99345683000872
372,OV,FMOD,10.6006116774408
373,LUAD,FMOD,10.3243638579117
374,LUSC,FMOD,9.09998380041811
375,PRAD,FMOD,10.9593983191903
376,UCEC,FMOD,9.06623037155805
377,BLCA,FMOD,8.40529563139143
378,TGCT,FMOD,9.99379113309974
379,ESCA,FMOD,9.623756733447
380,PAAD,FMOD,10.8333157029425
381,KIRP,FMOD,7.12615861475659
382,LIHC,FMOD,6.85241805234129
383,CESC,FMOD,8.25396734051421
384,SARC,FMOD,10.2625433761277
385,BRCA,FMOD,8.99597919797082
386,THYM,FMOD,9.3738319529244
387,MESO,FMOD,9.28234734538789
388,COAD,FMOD,8.66203858189664
389,STAD,FMOD,10.7835030485673
390,SKCM,FMOD,10.7744847215889
391,CHOL,FMOD,9.67072894541213
392,KIRC,FMOD,8.9058423725753
393,THCA,FMOD,11.1672339178222
394,HNSC,FMOD,9.38196154154336
395,LAML,FMOD,3.29191377675168
396,READ,FMOD,10.1863814437056
397,LGG,FMOD,6.80642993378964
398,DLBC,FMOD,9.2389606532601
399,KICH,FMOD,6.27956882874869
400,UCS,FMOD,9.7883965185645
401,ACC,FMOD,7.0237331263203
402,PCPG,FMOD,6.86517359099423
403,UVM,FMOD,8.41518751851552
404,GBM,GPC1,10.010575042944
405,OV,GPC1,9.845286569367
406,LUAD,GPC1,8.75572034857148
407,LUSC,GPC1,11.3979262546352
408,UCEC,GPC1,10.7509742717996
409,BLCA,GPC1,10.822327742815
410,ESCA,GPC1,11.7298358252511
411,PAAD,GPC1,10.1752115274872
412,KIRP,GPC1,10.898705385144
413,LIHC,GPC1,9.59146910399624
414,CESC,GPC1,11.3760088798226
415,SARC,GPC1,11.3284942606132
416,BRCA,GPC1,10.3618079882747
417,THYM,GPC1,11.7652473069553
418,COAD,GPC1,7.45968042744035
419,STAD,GPC1,9.28922500597868
420,SKCM,GPC1,8.78212410600902
421,KIRC,GPC1,8.93582153650045
422,HNSC,GPC1,12.28884318593
423,LAML,GPC1,6.63118148209956
424,READ,GPC1,9.44370517507566
425,UCS,GPC1,12.2821146339787
426,ACC,GPC1,12.2741073933668
427,PCPG,GPC1,10.5366626651874
428,GBM,GPC2,7.76077622286022
429,OV,GPC2,5.85672609409301
430,LUAD,GPC2,5.83603123621751
431,LUSC,GPC2,5.10324180786872
432,PRAD,GPC2,4.22546016883786
433,UCEC,GPC2,6.00315855292647
434,BLCA,GPC2,5.95738527529316
435,TGCT,GPC2,8.0432782350819
436,ESCA,GPC2,4.55200365900916
437,PAAD,GPC2,4.20067026985507
438,KIRP,GPC2,3.74014638414768
439,LIHC,GPC2,4.04037650045175
440,CESC,GPC2,4.93290658089442
441,SARC,GPC2,5.87629019587572
442,BRCA,GPC2,5.20425787752148
443,THYM,GPC2,7.59348585175342
444,MESO,GPC2,4.90182016777018
445,COAD,GPC2,3.86131025961851
446,STAD,GPC2,4.45264047329307
447,SKCM,GPC2,6.23368696108225
448,CHOL,GPC2,4.90217356966693
449,KIRC,GPC2,2.99109103464646
450,THCA,GPC2,3.10502280638146
451,HNSC,GPC2,4.70703538978433
452,LAML,GPC2,5.0538312856514
453,READ,GPC2,4.27339642837343
454,LGG,GPC2,7.32942234456155
455,DLBC,GPC2,5.92481714427227
456,KICH,GPC2,3.83243413318544
457,UCS,GPC2,7.82303484275781
458,ACC,GPC2,4.57728655448204
459,PCPG,GPC2,4.62086269142842
460,UVM,GPC2,3.60618938786446
461,GBM,GPC3,7.30534260041396
462,OV,GPC3,8.92624447964307
463,LUAD,GPC3,7.82766915151782
464,LUSC,GPC3,9.92903294803034
465,PRAD,GPC3,6.81554716478499
466,UCEC,GPC3,7.49531108280432
467,BLCA,GPC3,7.62095800519713
468,TGCT,GPC3,8.0009663588391
469,ESCA,GPC3,7.31169195134168
470,PAAD,GPC3,6.32115713570305
471,KIRP,GPC3,6.57714902108319
472,LIHC,GPC3,10.4219363800137
473,CESC,GPC3,6.02961863901543
474,SARC,GPC3,8.05447167453328
475,BRCA,GPC3,7.25549337825934
476,THYM,GPC3,6.56424083965805
477,MESO,GPC3,8.09982870773998
478,COAD,GPC3,5.51540141009865
479,STAD,GPC3,7.27165330013613
480,SKCM,GPC3,9.22998263376601
481,CHOL,GPC3,9.35717741396492
482,KIRC,GPC3,6.0447173044759
483,THCA,GPC3,4.27018405136711
484,HNSC,GPC3,7.64660289477167
485,LAML,GPC3,2.35611437579948
486,READ,GPC3,6.90098333444786
487,LGG,GPC3,5.0652833693519
488,DLBC,GPC3,3.59021326790878
489,KICH,GPC3,8.17205316317507
490,UCS,GPC3,8.74661645387204
491,ACC,GPC3,8.54492361584148
492,PCPG,GPC3,7.02309083360242
493,UVM,GPC3,4.11666681521057
494,GBM,GPC4,9.54007207955594
495,OV,GPC4,7.6639969466458
496,LUAD,GPC4,9.51307407077277
497,LUSC,GPC4,9.35322651222935
498,PRAD,GPC4,7.8979023441044
499,UCEC,GPC4,8.52343865517599
500,BLCA,GPC4,8.27173670133792
501,TGCT,GPC4,8.37750038878789
502,ESCA,GPC4,8.05924623944037
503,PAAD,GPC4,9.10150216949211
504,KIRP,GPC4,10.5536921172177
505,LIHC,GPC4,6.16473663728493
506,CESC,GPC4,7.43239058421407
507,SARC,GPC4,7.81661767047849
508,BRCA,GPC4,9.07491369355361
509,THYM,GPC4,9.42679515188616
510,MESO,GPC4,8.64421126288989
511,COAD,GPC4,9.24488246561029
512,STAD,GPC4,8.85364619146096
513,SKCM,GPC4,6.62397336345599
514,CHOL,GPC4,7.96959254166423
515,KIRC,GPC4,9.69321301672622
516,HNSC,GPC4,7.7420173750133
517,LAML,GPC4,5.8472766544697
518,LGG,GPC4,8.98726493052718
519,DLBC,GPC4,5.81091773327247
520,KICH,GPC4,7.48599533113878
521,UCS,GPC4,9.00068231260139
522,ACC,GPC4,8.45393347149667
523,PCPG,GPC4,5.91716126245246
524,UVM,GPC4,5.18095846892514
525,GBM,GPC5,6.18689687477229
526,OV,GPC5,3.58233908775666
527,LUAD,GPC5,3.07875627455059
528,LUSC,GPC5,2.19507556917384
529,PRAD,GPC5,3.83370650956845
530,UCEC,GPC5,2.61307255873392
531,TGCT,GPC5,2.62971632699115
532,ESCA,GPC5,2.69862276952662
533,PAAD,GPC5,3.08066972264032
534,KIRP,GPC5,2.97658470657161
535,LIHC,GPC5,3.51588456403927
536,CESC,GPC5,2.41395541491007
537,SARC,GPC5,1.62501388615216
538,BRCA,GPC5,1.50657036305273
539,MESO,GPC5,1.75067192303092
540,COAD,GPC5,2.29991569539889
541,STAD,GPC5,1.87394416534906
542,SKCM,GPC5,1.40053935553996
543,CHOL,GPC5,1.89806452525927
544,KIRC,GPC5,1.61841296872081
545,THCA,GPC5,3.34585034997573
546,HNSC,GPC5,3.16075802093948
547,LAML,GPC5,2.36805756623144
548,READ,GPC5,2.48499189571539
549,LGG,GPC5,5.89334320164497
550,DLBC,GPC5,3.50333680765541
551,KICH,GPC5,3.06021517051697
552,UCS,GPC5,3.36163149918017
553,ACC,GPC5,3.21810727442594
554,PCPG,GPC5,5.0179119887692
555,GBM,GPC6,7.00972453470717
556,OV,GPC6,6.74694945529529
557,LUAD,GPC6,7.91026303836065
558,LUSC,GPC6,6.63916493541401
559,PRAD,GPC6,8.01987402370822
560,UCEC,GPC6,6.35036327492866
561,BLCA,GPC6,6.04481923992948
562,TGCT,GPC6,7.7390499128405
563,ESCA,GPC6,7.57000717006731
564,PAAD,GPC6,8.86527167984209
565,KIRP,GPC6,8.7370042167045
566,LIHC,GPC6,9.01287850185463
567,CESC,GPC6,5.1188758986174
568,SARC,GPC6,8.61544145282061
569,BRCA,GPC6,6.50891214942555
570,THYM,GPC6,6.43338767387661
571,MESO,GPC6,8.44814339940551
572,COAD,GPC6,6.4216589067277
573,STAD,GPC6,7.94560681870057
574,SKCM,GPC6,7.43272099481769
575,CHOL,GPC6,8.21412219592537
576,KIRC,GPC6,9.91232367589969
577,THCA,GPC6,6.13878806867594
578,HNSC,GPC6,6.43739627703232
579,LAML,GPC6,3.77627163170665
580,READ,GPC6,7.14603926198303
581,LGG,GPC6,7.60274080374177
582,DLBC,GPC6,4.95857243564096
583,KICH,GPC6,8.52924101881696
584,UCS,GPC6,6.72894419963223
585,ACC,GPC6,5.70063992308559
586,PCPG,GPC6,6.74059720354705
587,UVM,GPC6,4.02856825875751
588,GBM,HSPG2,10.600553152865
589,OV,HSPG2,11.8874576136758
590,LUAD,HSPG2,11.9251643803397
591,LUSC,HSPG2,11.0308340791956
592,UCEC,HSPG2,12.9536080901309
593,BLCA,HSPG2,12.3299582751992
594,TGCT,HSPG2,12.1460194238658
595,ESCA,HSPG2,11.8277060153741
596,KIRP,HSPG2,12.5418838315655
597,LIHC,HSPG2,11.301036813535
598,CESC,HSPG2,10.8964979566667
599,SARC,HSPG2,13.348677470982
600,BRCA,HSPG2,11.9203606764143
601,THYM,HSPG2,11.1451505728204
602,MESO,HSPG2,13.0534948469763
603,COAD,HSPG2,11.5295748372429
604,STAD,HSPG2,13.4246327835181
605,SKCM,HSPG2,12.9962656166583
606,KIRC,HSPG2,12.7168936614806
607,HNSC,HSPG2,12.7783066738604
608,LAML,HSPG2,10.1318786772713
609,READ,HSPG2,12.4916758789023
610,LGG,HSPG2,9.174601171271
611,DLBC,HSPG2,10.8783905561455
612,ACC,HSPG2,12.4599815965774
613,PCPG,HSPG2,12.8460999758524
614,UVM,HSPG2,12.2924602985519
615,GBM,KERA,1.10689020265534
616,OV,KERA,2.07179633562366
617,LUAD,KERA,1.56352632606989
618,LUSC,KERA,1.37786149059518
619,UCEC,KERA,2.56298403977153
620,BLCA,KERA,1.72976962604409
621,TGCT,KERA,3.580276508748
622,ESCA,KERA,1.46143039623942
623,PAAD,KERA,2.25511844379674
624,SARC,KERA,3.64279868790784
625,BRCA,KERA,3.59157709055059
626,THYM,KERA,2.58216564331215
627,MESO,KERA,4.42957479969081
628,COAD,KERA,1.71255993412069
629,STAD,KERA,1.28604183109459
630,SKCM,KERA,0.818572855311198
631,CHOL,KERA,2.93271350012124
632,KIRC,KERA,2.31504240590878
633,THCA,KERA,1.66446186519607
634,HNSC,KERA,1.27439460257763
635,READ,KERA,1.9160813812198
636,UCS,KERA,5.22983752759199
637,ACC,KERA,3.79780687317284
638,GBM,LUM,10.5357511203133
639,OV,LUM,11.9955010247103
640,LUAD,LUM,12.7030634949446
641,LUSC,LUM,12.3867374048556
642,PRAD,LUM,11.2456414163772
643,UCEC,LUM,9.44379165925378
644,BLCA,LUM,11.1240888342997
645,TGCT,LUM,7.587001774849
646,ESCA,LUM,12.3565175694409
647,PAAD,LUM,11.8292434696276
648,KIRP,LUM,6.80110310898213
649,LIHC,LUM,8.15093685318254
650,CESC,LUM,9.28687412505433
651,SARC,LUM,11.8529734407338
652,BRCA,LUM,12.5501265114989
653,THYM,LUM,6.10868929433751
654,MESO,LUM,13.8058592305133
655,COAD,LUM,11.0140592834421
656,STAD,LUM,12.6520243274639
657,SKCM,LUM,8.93233282887739
658,CHOL,LUM,11.1711451550938
659,KIRC,LUM,8.34461419819277
660,THCA,LUM,7.59230257567929
661,HNSC,LUM,12.1485802467518
662,LAML,LUM,3.76777244611151
663,READ,LUM,12.0368762259656
664,LGG,LUM,5.6794122211696
665,DLBC,LUM,10.5665192106622
666,KICH,LUM,6.35151135513268
667,UCS,LUM,11.7808093730247
668,ACC,LUM,6.21787488352545
669,PCPG,LUM,7.02937694155582
670,UVM,LUM,4.0314585806914
671,GBM,NCAN,10.4331130519012
672,OV,NCAN,2.6620554937691
673,LUAD,NCAN,2.14266961831542
674,LUSC,NCAN,2.10666933662291
675,PRAD,NCAN,1.77610141628808
676,UCEC,NCAN,2.23581165941771
677,BLCA,NCAN,0.724506771948791
678,TGCT,NCAN,5.7018984061631
679,ESCA,NCAN,1.36509366849344
680,PAAD,NCAN,2.25897044085663
681,KIRP,NCAN,1.88972261229934
682,LIHC,NCAN,4.78985877887481
683,CESC,NCAN,1.52558351519836
684,SARC,NCAN,2.32606764986504
685,BRCA,NCAN,2.8258853175286
686,MESO,NCAN,1.62353397403158
687,STAD,NCAN,1.43297431464923
688,SKCM,NCAN,1.13023986281949
689,THCA,NCAN,2.1792357110173
690,HNSC,NCAN,1.60336669120928
691,LGG,NCAN,12.6681032612378
692,DLBC,NCAN,3.96579918448916
693,UCS,NCAN,4.47013176653762
694,ACC,NCAN,5.07267299126279
695,PCPG,NCAN,2.93762777804997
696,UVM,NCAN,3.74070974074802
697,GBM,OGN,6.74173993257037
698,OV,OGN,5.38111792215155
699,LUAD,OGN,5.20185068240074
700,LUSC,OGN,4.43337010177697
701,PRAD,OGN,8.20408420017988
702,UCEC,OGN,2.90685588558919
703,BLCA,OGN,2.81874059640805
704,TGCT,OGN,6.65967173857097
705,ESCA,OGN,4.39353266523583
706,PAAD,OGN,5.29100267163812
707,KIRP,OGN,1.99629700599605
708,LIHC,OGN,2.75749654314386
709,CESC,OGN,2.60269071202416
710,SARC,OGN,7.96819049132532
711,BRCA,OGN,5.99389665486956
712,THYM,OGN,5.32936617854949
713,MESO,OGN,8.69838277002374
714,COAD,OGN,2.73547699405364
715,STAD,OGN,7.19132632239637
716,SKCM,OGN,2.8653457849534
717,CHOL,OGN,3.90669672714241
718,KIRC,OGN,3.89465725513955
719,THCA,OGN,3.48867974477423
720,HNSC,OGN,3.03030027491002
721,READ,OGN,3.16862743827321
722,LGG,OGN,6.32823712182093
723,DLBC,OGN,3.2535017315737
724,KICH,OGN,4.35456153655918
725,UCS,OGN,6.27833982490058
726,ACC,OGN,2.4787128625761
727,PCPG,OGN,5.13391387934547
728,UVM,OGN,3.53887638716052
729,GBM,OMD,4.39785042473259
730,OV,OMD,4.03991599588349
731,LUAD,OMD,5.30433226864306
732,LUSC,OMD,4.75212144681775
733,PRAD,OMD,6.21391929737884
734,UCEC,OMD,1.4530785292805
735,BLCA,OMD,2.18396781229622
736,TGCT,OMD,4.06483135981745
737,ESCA,OMD,3.17204262165468
738,PAAD,OMD,4.61190732885094
739,KIRP,OMD,1.66261865849291
740,LIHC,OMD,2.03667128852986
741,CESC,OMD,2.33177176469739
742,SARC,OMD,5.50998337424196
743,BRCA,OMD,5.5947275507361
744,THYM,OMD,4.69327516900169
745,MESO,OMD,4.67842372181743
746,COAD,OMD,1.64993223401656
747,STAD,OMD,4.66591517196763
748,SKCM,OMD,2.20646746024386
749,CHOL,OMD,2.86568839111613
750,KIRC,OMD,3.99696432198695
751,THCA,OMD,4.19102694232257
752,HNSC,OMD,4.86957121466842
753,LAML,OMD,3.25661891962316
754,READ,OMD,1.80007906652989
755,LGG,OMD,3.97378212496227
756,DLBC,OMD,1.50750715329586
757,KICH,OMD,3.50479355353497
758,UCS,OMD,2.24694692397729
759,ACC,OMD,3.24540097353385
760,PCPG,OMD,3.67862861651418
761,UVM,OMD,1.44298791148263
762,GBM,PODN,7.56738349998954
763,OV,PODN,7.37262521049107
764,LUAD,PODN,8.82838727919663
765,LUSC,PODN,7.83936768678231
766,PRAD,PODN,8.8012867938034
767,UCEC,PODN,6.54726264794376
768,BLCA,PODN,7.76942709468293
769,TGCT,PODN,8.87248596932537
770,ESCA,PODN,7.75168358827611
771,PAAD,PODN,8.80828185510051
772,KIRP,PODN,5.98086695656501
773,LIHC,PODN,6.23510928436927
774,CESC,PODN,6.26395406620432
775,SARC,PODN,8.37895317097937
776,BRCA,PODN,9.25558010409242
777,THYM,PODN,7.36722154850149
778,MESO,PODN,9.82095632385232
779,COAD,PODN,6.64106079759373
780,STAD,PODN,8.63066735897733
781,SKCM,PODN,6.86376675600754
782,CHOL,PODN,8.35431908900849
783,KIRC,PODN,6.76682357018289
784,THCA,PODN,5.95744643839837
785,HNSC,PODN,6.80953506131555
786,LAML,PODN,3.06809927418309
787,READ,PODN,8.2523568475101
788,LGG,PODN,8.70508995316889
789,DLBC,PODN,6.02066029604485
790,KICH,PODN,7.4174359004034
791,UCS,PODN,7.2189060056497
792,ACC,PODN,5.6462730272687
793,PCPG,PODN,5.63033218997231
794,UVM,PODN,6.88852265938454
795,GBM,PODNL1,6.31124961220491
796,OV,PODNL1,5.93867426502539
797,LUAD,PODNL1,7.37703643968248
798,LUSC,PODNL1,6.6673815753755
799,PRAD,PODNL1,5.3130672572041
800,UCEC,PODNL1,7.13372938977588
801,BLCA,PODNL1,6.33569532796487
802,TGCT,PODNL1,4.92923114902264
803,ESCA,PODNL1,5.95991780885686
804,PAAD,PODNL1,5.67441383267618
805,KIRP,PODNL1,3.12510476764469
806,LIHC,PODNL1,4.7202283429862
807,CESC,PODNL1,6.1905173004419
808,SARC,PODNL1,6.72581368742398
809,BRCA,PODNL1,6.13003404793531
810,THYM,PODNL1,5.16811430823839
811,MESO,PODNL1,7.21192825354475
812,COAD,PODNL1,6.42505571964875
813,STAD,PODNL1,5.80074118982421
814,SKCM,PODNL1,6.3004777039017
815,CHOL,PODNL1,5.90363135200783
816,KIRC,PODNL1,4.23045524883786
817,THCA,PODNL1,3.91067401737521
818,HNSC,PODNL1,7.00389673804886
819,READ,PODNL1,6.62084690777144
820,LGG,PODNL1,4.23123112245026
821,DLBC,PODNL1,4.53364587372347
822,KICH,PODNL1,5.73433107491611
823,UCS,PODNL1,7.0186716200109
824,ACC,PODNL1,4.48207755381645
825,PCPG,PODNL1,5.21513687302554
826,UVM,PODNL1,3.59977075391722
827,GBM,PRELP,10.3823245406223
828,OV,PRELP,9.34542511646178
829,LUAD,PRELP,8.9232027211131
830,LUSC,PRELP,7.75706782415245
831,PRAD,PRELP,9.43067458713845
832,UCEC,PRELP,7.69947450975234
833,BLCA,PRELP,7.36568146095779
834,TGCT,PRELP,9.22066058507519
835,ESCA,PRELP,7.62312986598778
836,PAAD,PRELP,9.22210968932093
837,KIRP,PRELP,8.48333680769645
838,LIHC,PRELP,7.10678061482167
839,CESC,PRELP,7.43304146407044
840,SARC,PRELP,8.03809170814655
841,BRCA,PRELP,9.37397004841555
842,THYM,PRELP,6.16739314169304
843,MESO,PRELP,7.7233811505955
844,COAD,PRELP,7.3395580672204
845,STAD,PRELP,8.49485341477345
846,SKCM,PRELP,8.11874342606737
847,CHOL,PRELP,8.69642283310367
848,KIRC,PRELP,8.10037282749616
849,THCA,PRELP,7.50448622378935
850,HNSC,PRELP,7.49446594937289
851,LAML,PRELP,2.06427088892239
852,READ,PRELP,7.9135531694606
853,LGG,PRELP,9.247160708598
854,DLBC,PRELP,6.92596345173204
855,KICH,PRELP,5.90042749807799
856,UCS,PRELP,8.10426164145896
857,ACC,PRELP,6.32148894651353
858,PCPG,PRELP,8.50170131985055
859,UVM,PRELP,9.14293424923404
860,GBM,PTPRZ1,13.1921613766964
861,OV,PTPRZ1,2.23285343719039
862,LUAD,PTPRZ1,5.79987246825749
863,LUSC,PTPRZ1,8.29281224221358
864,PRAD,PTPRZ1,6.20502416941961
865,UCEC,PTPRZ1,3.55292049438416
866,BLCA,PTPRZ1,3.68479232604751
867,TGCT,PTPRZ1,5.36066267131285
868,ESCA,PTPRZ1,8.46462164686987
869,PAAD,PTPRZ1,4.44555769520948
870,KIRP,PTPRZ1,2.60389153976164
871,LIHC,PTPRZ1,2.79300966210898
872,CESC,PTPRZ1,7.4535301354371
873,SARC,PTPRZ1,3.10602675508498
874,BRCA,PTPRZ1,3.00103176836603
875,THYM,PTPRZ1,4.35004534191012
876,MESO,PTPRZ1,4.26934705581077
877,COAD,PTPRZ1,2.75851078280563
878,STAD,PTPRZ1,4.33564736578703
879,SKCM,PTPRZ1,7.74979843203544
880,CHOL,PTPRZ1,4.90732787625506
881,KIRC,PTPRZ1,1.49621649102761
882,THCA,PTPRZ1,1.19563533499285
883,HNSC,PTPRZ1,9.8754788185037
884,READ,PTPRZ1,1.39031451882858
885,LGG,PTPRZ1,14.9488045946694
886,DLBC,PTPRZ1,2.66708085953028
887,KICH,PTPRZ1,2.3085276245231
888,UCS,PTPRZ1,3.70978263581217
889,ACC,PTPRZ1,3.56979964304984
890,PCPG,PTPRZ1,4.59944647086255
891,UVM,PTPRZ1,6.69311688897729
892,GBM,SDC1,9.45096598433381
893,OV,SDC1,9.81632846929022
894,LUAD,SDC1,12.5632555960569
895,LUSC,SDC1,13.9989596290238
896,PRAD,SDC1,9.5283224273648
897,UCEC,SDC1,10.292625478292
898,BLCA,SDC1,13.7107003309512
899,TGCT,SDC1,10.203893314885
900,ESCA,SDC1,13.2141025617992
901,PAAD,SDC1,10.415630662656
902,KIRP,SDC1,12.4745040766559
903,LIHC,SDC1,12.1346856062791
904,CESC,SDC1,13.7850424391451
905,SARC,SDC1,9.21941148924852
906,BRCA,SDC1,11.2156407981156
907,THYM,SDC1,8.86546561911426
908,MESO,SDC1,9.6250084847693
909,STAD,SDC1,12.0841015057394
910,SKCM,SDC1,9.47460285364807
911,CHOL,SDC1,11.5391844960852
912,KIRC,SDC1,11.5317707719707
913,LAML,SDC1,5.71716547867803
914,LGG,SDC1,7.19116938236953
915,DLBC,SDC1,5.4622252045363
916,KICH,SDC1,11.6493211829312
917,UCS,SDC1,11.377573955376
918,ACC,SDC1,10.9270380778152
919,PCPG,SDC1,6.78174987998302
920,UVM,SDC1,8.39025830190284
921,GBM,SDC2,10.0842855557099
922,OV,SDC2,9.52476789367025
923,LUAD,SDC2,9.65145322496294
924,LUSC,SDC2,9.71511567143787
925,PRAD,SDC2,10.5897029629962
926,UCEC,SDC2,9.54117396387973
927,BLCA,SDC2,9.19188821560312
928,TGCT,SDC2,11.0320352531615
929,ESCA,SDC2,9.51154181608036
930,KIRP,SDC2,10.1725329614363
931,LIHC,SDC2,12.1952980592824
932,CESC,SDC2,8.46874867407664
933,SARC,SDC2,12.1358074829351
934,BRCA,SDC2,10.7209877862591
935,THYM,SDC2,8.95716968746664
936,MESO,SDC2,10.9651920551368
937,COAD,SDC2,8.6530887055449
938,STAD,SDC2,9.76605353247603
939,SKCM,SDC2,9.81994760622461
940,CHOL,SDC2,9.8099875426849
941,HNSC,SDC2,9.16547997746455
942,LAML,SDC2,2.36888169331839
943,READ,SDC2,9.01268491498197
944,LGG,SDC2,9.7961438424488
945,KICH,SDC2,10.7539476050239
946,UCS,SDC2,10.0459598534244
947,ACC,SDC2,9.28906312175004
948,PCPG,SDC2,10.2816216449726
949,UVM,SDC2,6.87179206651089
950,GBM,SDC3,13.039106191233
951,UCEC,SDC3,11.2861304752036
952,BLCA,SDC3,10.4125513526766
953,ESCA,SDC3,9.33901742082831
954,KIRP,SDC3,11.7322820190227
955,LIHC,SDC3,10.1301106565964
956,CESC,SDC3,10.2663700466662
957,SARC,SDC3,11.5026998908813
958,THYM,SDC3,11.5265643142966
959,STAD,SDC3,11.2830129809297
960,SKCM,SDC3,13.6576180935206
961,HNSC,SDC3,9.64107755282495
962,LAML,SDC3,5.30477604026421
963,DLBC,SDC3,10.7065232123075
964,KICH,SDC3,10.9911711318662
965,UCS,SDC3,10.7593683389379
966,ACC,SDC3,13.0881662693489
967,PCPG,SDC3,12.1963509616704
968,GBM,SDC4,9.31872579574538
969,LUSC,SDC4,12.3292378004794
970,UCEC,SDC4,11.9868218745291
971,BLCA,SDC4,12.7291504443149
972,ESCA,SDC4,12.1700359020865
973,PAAD,SDC4,12.4669326447441
974,LIHC,SDC4,12.7267691459528
975,CESC,SDC4,11.6460602064886
976,SARC,SDC4,8.49459097848255
977,THYM,SDC4,9.07428712063421
978,MESO,SDC4,13.0141067171442
979,STAD,SDC4,12.7579708123018
980,SKCM,SDC4,10.5428354975439
981,CHOL,SDC4,11.4207361913613
982,THCA,SDC4,13.4380128146286
983,HNSC,SDC4,12.8293269195385
984,LAML,SDC4,4.61221685750385
985,LGG,SDC4,9.42075822734177
986,DLBC,SDC4,10.0577934523771
987,UCS,SDC4,10.7388645434654
988,ACC,SDC4,10.6939278456367
989,PCPG,SDC4,9.88244777753175
990,GBM,SPOCK1,9.12018585922493
991,OV,SPOCK1,6.24336838141198
992,LUAD,SPOCK1,7.07385924425199
993,LUSC,SPOCK1,7.16880190420341
994,PRAD,SPOCK1,12.3643569117126
995,UCEC,SPOCK1,8.45496593359126
996,BLCA,SPOCK1,7.15461598914648
997,TGCT,SPOCK1,8.46289448754738
998,ESCA,SPOCK1,6.97637347568657
999,PAAD,SPOCK1,7.80760469690585
1000,KIRP,SPOCK1,8.09264963596132
1001,LIHC,SPOCK1,5.55875028250445
1002,CESC,SPOCK1,6.84258408074098
1003,SARC,SPOCK1,10.3653149917774
1004,BRCA,SPOCK1,9.11638407135693
1005,THYM,SPOCK1,7.05280616596191
1006,MESO,SPOCK1,8.86038784036317
1007,COAD,SPOCK1,7.19210590739536
1008,STAD,SPOCK1,7.01129066599247
1009,SKCM,SPOCK1,7.95069760450126
1010,CHOL,SPOCK1,6.97850495058966
1011,KIRC,SPOCK1,8.83882129039289
1012,THCA,SPOCK1,8.17602229169084
1013,HNSC,SPOCK1,7.31124387143682
1014,LAML,SPOCK1,4.34123474483658
1015,READ,SPOCK1,7.05920772867739
1016,LGG,SPOCK1,10.2226408486432
1017,DLBC,SPOCK1,4.79999837820625
1018,KICH,SPOCK1,8.99258727121774
1019,UCS,SPOCK1,8.47402613161452
1020,ACC,SPOCK1,7.9733986667295
1021,PCPG,SPOCK1,11.3535626454579
1022,UVM,SPOCK1,7.2559552803529
1023,GBM,SPOCK2,10.180301941225
1024,OV,SPOCK2,11.7531101509164
1025,LUAD,SPOCK2,10.1719788679876
1026,LUSC,SPOCK2,11.3344815908804
1027,PRAD,SPOCK2,9.84610421610083
1028,UCEC,SPOCK2,10.8655772601181
1029,BLCA,SPOCK2,10.2513438643852
1030,TGCT,SPOCK2,10.0155218836595
1031,ESCA,SPOCK2,10.1828199834229
1032,PAAD,SPOCK2,10.9761729386649
1033,KIRP,SPOCK2,10.4533006765103
1034,LIHC,SPOCK2,8.4619724094417
1035,CESC,SPOCK2,10.5671100436734
1036,SARC,SPOCK2,9.86849343470092
1037,BRCA,SPOCK2,8.68914182478565
1038,THYM,SPOCK2,12.2894672707141
1039,MESO,SPOCK2,13.0331274877569
1040,COAD,SPOCK2,8.29221815372967
1041,STAD,SPOCK2,10.7399805026174
1042,SKCM,SPOCK2,8.90237486093329
1043,CHOL,SPOCK2,9.83684913295391
1044,KIRC,SPOCK2,10.8234795533629
1045,THCA,SPOCK2,11.3277629927995
1046,HNSC,SPOCK2,8.94082499054175
1047,LAML,SPOCK2,8.64129994679222
1048,READ,SPOCK2,8.32052043424804
1049,DLBC,SPOCK2,11.0547772849165
1050,KICH,SPOCK2,8.07684637264146
1051,UCS,SPOCK2,9.91987155448046
1052,ACC,SPOCK2,10.9089185383603
1053,PCPG,SPOCK2,12.9314555402937
1054,UVM,SPOCK2,8.01451850612734
1055,GBM,SPOCK3,6.17683512235313
1056,OV,SPOCK3,3.90677938909533
1057,LUAD,SPOCK3,2.44306701886837
1058,LUSC,SPOCK3,4.91920412648233
1059,PRAD,SPOCK3,8.31972962211633
1060,UCEC,SPOCK3,3.70094797625087
1061,BLCA,SPOCK3,4.4379611980997
1062,TGCT,SPOCK3,3.67010222169434
1063,ESCA,SPOCK3,2.40492571624187
1064,PAAD,SPOCK3,6.58100266904498
1065,KIRP,SPOCK3,2.34636543818763
1066,LIHC,SPOCK3,3.68828004508491
1067,CESC,SPOCK3,1.76832196494373
1068,SARC,SPOCK3,2.41396220589433
1069,BRCA,SPOCK3,2.08137180850224
1070,THYM,SPOCK3,4.46951827003556
1071,MESO,SPOCK3,2.78968584722559
1072,COAD,SPOCK3,1.66494821025319
1073,STAD,SPOCK3,3.53502256412979
1074,SKCM,SPOCK3,4.49291647003635
1075,CHOL,SPOCK3,2.9402853005556
1076,KIRC,SPOCK3,0.6769335105865
1077,THCA,SPOCK3,1.85139554266898
1078,HNSC,SPOCK3,2.73270259812158
1079,LAML,SPOCK3,3.64245555443136
1080,READ,SPOCK3,1.38041901117504
1081,LGG,SPOCK3,8.594100924409
1082,DLBC,SPOCK3,2.13181333664689
1083,UCS,SPOCK3,3.49396145237767
1084,ACC,SPOCK3,4.36879283441469
1085,PCPG,SPOCK3,10.4954167006454
1086,UVM,SPOCK3,3.38266137318589
1087,GBM,SRGN,11.2016805749725
1088,OV,SRGN,9.68672751926563
1089,LUAD,SRGN,11.1823077567177
1090,LUSC,SRGN,10.4299637126942
1091,PRAD,SRGN,9.28224681548732
1092,UCEC,SRGN,9.14896949451397
1093,BLCA,SRGN,9.67434533600283
1094,TGCT,SRGN,9.7466040678966
1095,ESCA,SRGN,9.75269922691856
1096,PAAD,SRGN,10.0002145963215
1097,KIRP,SRGN,8.39237550610702
1098,LIHC,SRGN,9.46254143972429
1099,CESC,SRGN,9.77555639626085
1100,SARC,SRGN,9.94015148412899
1101,BRCA,SRGN,9.86749526519942
1102,MESO,SRGN,11.6265264000565
1103,COAD,SRGN,8.96764663599133
1104,STAD,SRGN,10.1000376969019
1105,SKCM,SRGN,9.68066975857527
1106,CHOL,SRGN,9.41143346947226
1107,THCA,SRGN,9.68680760479229
1108,HNSC,SRGN,9.81756526873521
1109,LAML,SRGN,13.1423510322768
1110,READ,SRGN,9.23069140962205
1111,LGG,SRGN,10.3714462348465
1112,DLBC,SRGN,12.0264953409782
1113,KICH,SRGN,8.89739478795226
1114,UCS,SRGN,9.74137001251972
1115,ACC,SRGN,9.67942343233557
1116,PCPG,SRGN,9.42382670287245
1117,UVM,SRGN,8.51153631209456
1118,GBM,TGFBR3,8.72072704231335
1119,OV,TGFBR3,8.31190766291389
1120,LUAD,TGFBR3,7.77895536426793
1121,LUSC,TGFBR3,7.8150679644092
1122,PRAD,TGFBR3,8.34576422450956
1123,UCEC,TGFBR3,8.15161790038713
1124,BLCA,TGFBR3,9.04213969657979
1125,ESCA,TGFBR3,7.60368481455274
1126,PAAD,TGFBR3,7.953702281348
1127,KIRP,TGFBR3,9.22968057959617
1128,LIHC,TGFBR3,8.72477288556439
1129,CESC,TGFBR3,7.21346337304787
1130,SARC,TGFBR3,10.0835600719054
1131,BRCA,TGFBR3,9.03168639617631
1132,THYM,TGFBR3,7.81889994051337
1133,MESO,TGFBR3,8.15910111881394
1134,COAD,TGFBR3,6.15319897211712
1135,STAD,TGFBR3,8.22473831627574
1136,SKCM,TGFBR3,8.30286602127445
1137,CHOL,TGFBR3,7.90281934000518
1138,HNSC,TGFBR3,7.32301594366844
1139,LAML,TGFBR3,6.45187210734403
1140,READ,TGFBR3,8.40182818457681
1141,LGG,TGFBR3,8.85008332601567
1142,DLBC,TGFBR3,7.77013143115983
1143,KICH,TGFBR3,9.04758842481959
1144,UCS,TGFBR3,7.9476237780347
1145,ACC,TGFBR3,10.8988161898556
1146,PCPG,TGFBR3,8.52735198408598
1147,GBM,OPTC,1.83554882289639
1148,OV,OPTC,0.526772759535458
1149,TGCT,OPTC,0.886418839633159
1150,SARC,OPTC,1.46803678413853
1151,THYM,OPTC,1.82344054539632
1152,LGG,OPTC,0.96749656135556
1153,UVM,OPTC,5.23888888888889
1154,OV,TSKU,9.70969826158135
1155,LUAD,TSKU,10.2494863959916
1156,LUSC,TSKU,10.6947245720477
1157,UCEC,TSKU,10.9707809779556
1158,BLCA,TSKU,10.7184578386429
1159,ESCA,TSKU,10.5761963858091
1160,PAAD,TSKU,8.7735580110362
1161,KIRP,TSKU,10.5859952525099
1162,LIHC,TSKU,12.0718260547489
1163,SARC,TSKU,9.0297529982324
1164,BRCA,TSKU,10.65692688894
1165,THYM,TSKU,9.52617702604175
1166,MESO,TSKU,10.5682617339295
1167,SKCM,TSKU,8.63756994379496
1168,CHOL,TSKU,9.11176528222502
1169,KIRC,TSKU,10.0459736239592
1170,LAML,TSKU,2.97815306470219
1171,DLBC,TSKU,7.66507915578799
1172,KICH,TSKU,8.6440597779798
1173,ACC,TSKU,7.94781827904143
1174,PCPG,TSKU,7.08841144936512
1175,OV,VCAN,10.9173323352445
1176,LUAD,VCAN,9.36555257421636
1177,LUSC,VCAN,11.0494980091036
1178,PRAD,VCAN,9.07381480972276
1179,UCEC,VCAN,10.2270267321457
1180,BLCA,VCAN,9.87727797752284
1181,TGCT,VCAN,10.4904035778802
1182,ESCA,VCAN,12.0734712281751
1183,PAAD,VCAN,11.3039757227673
1184,KIRP,VCAN,10.972596377884
1185,LIHC,VCAN,7.9279211462625
1186,CESC,VCAN,9.1819179499188
1187,SARC,VCAN,10.7270548501448
1188,BRCA,VCAN,11.2442177768041
1189,THYM,VCAN,9.08270756538711
1190,MESO,VCAN,12.316340226317
1191,COAD,VCAN,10.6184322797191
1192,STAD,VCAN,11.2774112769028
1193,SKCM,VCAN,10.4360558470285
1194,CHOL,VCAN,9.64338690324603
1195,KIRC,VCAN,12.3133578768387
1196,THCA,VCAN,8.67469064287604
1197,HNSC,VCAN,10.6010450775468
1198,LAML,VCAN,12.9935989209136
1199,READ,VCAN,10.6919251457405
1200,LGG,VCAN,11.6254217460467
1201,DLBC,VCAN,8.00325458346751
1202,KICH,VCAN,9.18716240588629
1203,UCS,VCAN,10.8715094844929
1204,ACC,VCAN,8.94759127180273
1205,PCPG,VCAN,8.82120972053735
1206,UVM,VCAN,5.50435139264051
1207,TGCT,NYX,2.67509888975494
1208,KIRP,NYX,2.49013395479561
1209,THYM,NYX,1.93448748482784
1210,SKCM,NYX,1.92044281409458
1211,KIRC,NYX,2.56338499173082
1212,DLBC,NYX,1.05643880933159
1213,UVM,NYX,2.31062769632625
